Port,Mean_Delay,SD_Delay,Mean_Duration,SD_Duration,N
Port 1,0.00024239130434782608,8.638220520161587e-05,0.10019221739130435,9.39206418021148e-05,23
Port 2,0.00027892,9.484677116275496e-05,0.10022492,0.00019653878328038246,25
Port 3,0.0003082222222222222,0.00010958780579739324,0.10018440740740742,9.244510190429971e-05,27
Port 4,0.0002496923076923077,6.831735898336188e-05,0.10019253846153846,0.00010295833361869711,26
